name,rating
"1, 2-hexanediol",good
10-hydroxydecanoic acid,good
acacia farnesiana extract,poor
acacia senegal gum,good
acai,best
acetic acid,poor
acetone,poor
acetylated castor oil,good
acetylated hydrogenated cottonseed glyceride,good
acetylated lanolin,good
acetylated lanolin alcohol,good
acetylated palm kernel glycerides,good
acetyl carnitine hcl,best
acetyl glucosamine,best
acetyl glyceryl ricinoleate,good
acetyl hexapeptide-1,best
acetyl hexapeptide-37,best
acetyl hexapeptide-8,good
acetyl octapeptide-3,good
acetyl tetrapeptide-11,best
acetyl tetrapeptide-5,best
acetyl tetrapeptide-9,best
acetyl tributyl citrate,average
acetyl tyrosine,good
achillea millefolium,poor
acid,average
acne soap,poor
acrylate,good
acrylates/c10-30 alkyl acrylate crosspolymer,good
acrylates/dimethicone copolymer,good
acrylates/steareth-20 methacrylate copolymer,good
acrylates copolymer,good
actaea racemosa,average
actinidia chinensis (kiwi fruit) extract,best
adenosine,best
adenosine phosphate,best
adenosine triphosphate,best
adipic acid/neopentyl glycol/trimellitic anhydride copolymer,good
advanced glycation endproduct (age),poor
aerocarpus santalinus,poor
aesculus hippocastanum,good
agar,good
agastache mexicana (hyssop) flower/leaf/stem extract,good
age,poor
agrimonia eupatoria leaf extract,average
aha,best
ahnfeltia concinna extract,good
ahnfeltia extract,good
ahnfeltiopsis concinna extract,good
alanine,good
alaria esculenta,good
albumin,poor
alcloxa,poor
alcohol,average
aleurites moluccana seed oil,best
alfalfa extract,best
algae,best
algae extract,best
algin,good
aliphatic hydrocarbon,good
alkaline,poor
alkyloamides,average
allantoin,best
allyl methacrylates crosspolymer,good
almond/borage/linseed/olive acids glycerides,best
almond oil,best
aloe barbadensis,good
aloe barbadensis leaf juice extract,good
aloe barbadensis leaf juice powder,good
aloe extract,good
aloe juice,good
aloe vera,good
alpha bisabolol,best
alpha glucan oligosaccharide,best
alpha hydroxy acid,best
alpha isomethyl ionone,poor
alpha lipoic acid,best
alpha-tocopherol,best
alteromonas ferment extract,good
althaea rosea,good
althea officinalis,best
alumina,good
aluminum,good
aluminum hydroxide,good
aluminum magnesium silicate,good
aluminum powder,good
aluminum silicate,good
aluminum starch octenylsuccinate,good
aluminum stearate,good
aluminum sulfate,poor
amino acids,best
aminobutyric acid,average
aminomethyl propanediol,good
aminomethyl propanol,good
ammonium acryloyldimethyltaurate/vp copolymer,good
ammonium chloride,poor
ammonium glycolate,best
ammonium hydroxide,average
ammonium laureth sulfate,good
ammonium lauryl sulfate,good
amodimethicone,good
amygdalic acid,good
amyl cinnamate,poor
amyl salicylate,poor
amyris oil,poor
anacyclus pyrethrum,poor
anacystis nidulans extract,good
ananas sativus fruit extract,good
anastatica hierochuntica extract,best
andiroba oil,good
anethum graveolens,average
angelica archangelica root oil,poor
angelica polymorpha sinensis root extract,poor
anhydroxylitol,good
anisaldehyde,poor
anise,poor
annato extract,good
anthemis nobilis flower extract,best
anthocyanin,best
antioxidant,best
apple fruit extract,best
apricot kernel,average
apricot kernel oil,best
arachidic acid,good
arachidyl alcohol,good
arachidyl glucoside,good
arachidyl propionate,good
arachis hypogaea extract,best
arbutin,best
arctium lappa,best
arctium majus,best
arctostaphylos uva ursi leaf,best
argania spinosa,best
argania spinosa kernel oil,best
argan oil,best
arginine,good
argireline,good
aristotelia chilensis (maqui),best
arnica extract,poor
aroma/flavor,average
arrowroot,average
artemia extract,good
artemisia absinthium extract,average
artemisia vulgaris,average
ascophyllum nodosum,good
ascorbic acid,best
ascorbyl glucosamine,best
ascorbyl glucoside,best
ascorbyl methylsilanol pectinate,best
ascorbyl palmitate,best
asparagine,good
asparagopsis armata extract,good
aspartic acid,good
astaxanthin,best
astaxanthin extract,best
astragalus membranaceus,best
astragalus sinicus,good
astrocaryum murumuru seed butter,good
atp,best
atractylodes macrocephala root powder,best
atractyloydes lancea root extract,average
avena sativa,best
avobenzone,best
avocado oil,best
awapuhi,poor
azadirachta indica,poor
azelaic acid,best
azelaoyl bis-dipeptide-10,best
azelex,best
azuki beans,average
azulene,average
babassu oil,best
bakuchiol,best
balm mint extract,poor
balsam peru,poor
bambusa vulgaris (bamboo) leaf/stem extract,best
banana extract,average
barberry,best
barium sulfate,good
barley extract,average
batyl alcohol,good
bay leaf oil,poor
bearberry extract,good
bee pollen,poor
beeswax,good
beet root extract,good
beheneth-5,good
behenic acid,good
behentrimonium chloride,good
behenyl alcohol,good
behenyl behenate,good
bellis perennis,poor
bentonite,good
benzalkonium chloride,average
benzephenone-3,good
benzoic acid,good
benzoin extract,poor
benzophenone,good
benzothonium chloride,good
benzoyl peroxide,best
benzyl alcohol,good
benzyl salicylate,poor
berberis aristata,best
bergamot oil,poor
bertholletia excelsa extract,good
beta-carotene,good
beta-glucan,best
beta hydroxy acid,best
betaine,good
betaine salicylate,good
beta-sitosterol,best
beta vulgaris root extract,good
betula alba,good
betula alba (birch) juice,good
bha (beta hydroxy acid),best
bht,average
bifida ferment lysate,best
bilberry extract,best
bioflavonoid,best
biotin,good
biotin/folic acid/cyanocobalamin/niacinamide/pantothenic acid/pyridoxine/riboflavin/thiamine/yeast polypeptides,best
birch bark extract,good
birch leaf extract,good
bisabolol,best
bis-diglyceryl polyacyladipate,good
bismuth oxychloride,average
bis-peg-18 methyl ether dimethyl silane,good
bis-phenylpropyl dimethicone,good
bitter orange flower,poor
blackberry,best
black cohosh,average
black currant oil,best
black elderberry,best
black locust extract,poor
black mulberry,good
black pepper extract and oil,poor
black raspberry,best
black tea,best
bladderwrack extract,best
bloodwort,poor
blue 1,good
blue 1 lake,good
boerhavia diffusa root extract,best
bois de rose oil,poor
bois oil,poor
borage seed extract,best
borage seed oil,best
borago officinalis extract,best
borago officinalis seed oil,best
borate,poor
borax,poor
boric acid,good
boron nitride,good
boswellia carterii,poor
boswellia serrata extract,average
botanicals,average
boysenberry,best
brassica campestris,best
brazil nut extract,good
broad spectrum,good
bromelain,good
bronopol,poor
bronze powder,good
buddleja davidii extract,best
bumetrizole,good
bupleurum falcatum extract,average
burdock root,best
butyl acetate,good
butylene glycol,good
butyl methoxydibenzoylmethane,best
butylparaben,good
butylphenyl methylpropional,poor
butyrospermum fruit,best
butyrospermum parkii,best
butyrosperum parkii (shea) butter extract,best
buxus chinensis,best
c10-30 cholesterol/lanosterol esters,best
c11-15 pareth-7,good
c12-15 alkyl benzoate,good
c12-16 pareth-9,good
c12-18 acid triglyceride,good
c13-14 isoparaffin,good
c13-15 alkane,good
c18-36 acid triglyceride,good
c20-40 pareth-40,good
caffeic acid,best
caffeine,average
cajeputi oil,poor
calamine,poor
calcium aluminum borosilicate,good
calcium ascorbate,best
calcium carbonate,good
calcium d-pantetheine-s-sulfonate,good
calcium gluconate,good
calcium pantothenate,good
calcium pca,best
calendula extract,good
calendula officinalis flower extract,good
calluna vulgaris flower extract,best
calophyllum inophyllum seed oil,good
camellia japonica flower extract,best
camellia oleifera,best
camellia sinensis,best
camphor,poor
cananga extract,poor
cananga odorata,poor
candelilla/jojoba/rice bran polyglyceryl-3 esters,best
candelilla wax,good
cannabidiol,best
cannabis sativa oil,best
canola oil,best
caprooyl phytosphingosine,best
caprooyl sphingosine,best
caprooyl tetrapeptide-3,best
caprylic/capric triglyceride,best
capryloyl glycerin/sebacic acid copolymer,good
capryloyl glycine,good
caprylyl caprylate/caprate,good
caprylyl glycol,good
caprylyl methicone,good
capsaicin,poor
capsicum,poor
capsicum oleoresin,poor
caramel,good
carbomer,good
carbopol,good
carboxylic acid,best
cardamom,poor
carmine,good
carnauba wax,good
carnitine,best
carnosic acid,best
carnosine,best
carnosol acid,best
carrageenan,good
carrot oil,best
carthamus tinctorius oil,best
carvone,poor
carya illinoensis oil,good
casein,good
cassia angustifolia seed polysaccharide,best
castanea sativa seed extract,good
castor isostearate succinate,good
castor oil,good
catalase,best
caulerpa taxifolia extract,good
cedarwood,poor
cedrus atlantica bark extract,poor
cellulose,good
cellulose gum,good
centaurea cyanus,best
centella asiatica,best
cephalin,best
cera alba,good
cera microcristallina,good
ceramide ap,best
ceramide eop,best
ceramide eos,best
ceramide ng,best
ceramide np,best
ceramide ns,best
ceramides,best
ceresin,good
ceteareth-20,good
ceteareth-25,good
ceteareth-6 olivate,good
cetearyl alcohol,good
cetearyl ethylhexanoate,good
cetearyl glucoside,good
cetearyl octanoate,good
cetearyl olivate,good
cetyl acetate,good
cetyl alcohol,good
cetyl dimethicone,good
cetyl dimethicone copolyol,good
cetyl esters,good
cetyl hydroxyethylcellulose,good
cetyl palmitate,good
cetyl peg/ppg-10/1-dimethicone,good
chamomile,best
chamomilla recutita flower extract,best
charcoal,good
charcoal powder,good
chelating agent,good
cherry extract,best
china clay,good
chitosan,best
chlorella,good
chlorophene,good
chloroxylenol,good
chlorphenesin,good
cholecalciferol,good
cholesterol,best
choline,best
chondroitin sulfate,best
chondrus crispus (algae) extract,best
chromium hydroxide green,good
chromium oxide green,good
chrysanthellum indicum (golden chamomile) extract,best
chrysanthemum extract,best
chrysanthemum parthenium extract,average
cichorium intybus,good
cimicifuga racemosa root extract,average
cinnamomum,poor
cinnamomum camphora,poor
cinnamon,poor
cinnamyl alcohol,poor
citrate buffer,good
citric acid,good
citronellol,poor
citrullus colocynthis,poor
citrus amara,poor
citrus aurantifolia,poor
citrus aurantium,poor
citrus aurantium extract,poor
citrus medica limonium,poor
citrus unshiu,average
citrus unshiu peel extract,average
clary oil,poor
clary sage,good
clay,good
clitoria ternatea (butterfly pea) flower extract,best
clove leaf,poor
clove oil,poor
clover blossom,poor
clover leaf oil,poor
cocamide dea and mea,average
cocamidopropyl betaine,good
cocamidopropyl dimethylamine,good
cocamidopropyl hydroxysultaine,good
coccinia indica (ivy gourd) fruit extract,best
cocoa butter,best
cocoa extract,best
coco-caprylate,good
coco caprylate/caprate,good
coco-glucoside,good
cocoglycerides,good
coconut,good
coconut acid,good
coconut oil,best
cocos nucifera (coconut) fruit extract,best
cocoyl proline,good
cocus nucifera,best
codium tomentosum extract,good
coenzyme q10,best
coffea arabica (coffee) fruit extract,best
coffea arabica (coffee) seed oil,best
coffea arabica seed extract,best
cola acuminata seed extract,average
coleus barbatus,poor
collagen amino acids,good
colloidal oatmeal,best
colloidal silver,poor
comfrey extract,poor
commiphora myrrha extract,poor
coneflower,good
copaifera officinalis,poor
copernicia cerifera wax,good
copper gluconate,good
copper lysinate/prolinate,good
copper pca,good
copper peptides,good
copper sulfate,average
corallina officinalis extract,good
coriander,good
cornflower,best
cornmint,poor
corn oil,best
cornstarch,good
cornus extract,good
corylus americana,good
corylus avellana,good
coumarin,good
cranberry seed extract,best
cranberry seed oil,best
crataegus monogina extract,average
creatine,best
cucumber extract,good
cucumis melo (melon) fruit extract,best
cucumis sativus extract,good
cucurbita pepo seed extract,best
cucurbitea peponis,best
curcuma longa root,best
curcumin,best
cyamopsis tetragonoloba,good
cyanocobalamin,good
cyclamen aldehyde,poor
cyclohexasiloxane,good
cyclomethicone,good
cyclopentasiloxane,good
cyclotetrasiloxane,good
cymbopogon citrates,poor
cymbopogon martini,poor
cysteine,good
cystine,good
d&c,good
d&c colors,good
daisy flower extract,poor
d-alpha-tocopherol,best
daucus carota,poor
dea oleth-10 phosphate,good
decarboxy carnosine hcl,best
decylene glycol,good
decyl glucoside,good
decyl oleate,good
dehydroacetic acid,good
dehydroepiandrosterone,average
deionized/demineralized water,good
denatured alcohol,poor
deoxyribonucleic acid,average
detergent cleansing agent,good
deuterium oxide,average
dextran,good
dextrin,good
dha,good
diatomaceous earth,average
diazolidinyl urea,average
dibutyl phthalate,average
dicaprylyl carbonate,good
dicetyl phosphate,good
diethylhexyl carbonate,good
diethylhexyl malate,good
diethylhexyl syringylidenemalonate,good
diheptyl succinate,best
dihydrocholeth-30,good
dihydroxyacetone,good
diisopropyl adipate,good
diisopropyl dimer dilinoleate,good
diisostearoyl trimethylolpropane siloxy silicate,good
diisostearyl dimer dilinoleate,good
diisostearyl malate,good
diisostearyl polyglyceryl-3 dimer dilinoleate,good
dimer dilinoleyl dimer dilinoleate,good
dimethicone,good
dimethicone/peg-10/15 crosspolymer,good
dimethicone/vinyl dimethicone crosspolymer,good
dimethicone copolyol,good
dimethicone crosspolymer,good
dimethiconol,good
dimethyl capramide,good
dimethyl ether,poor
dimethyl isosorbide,good
dimethyl mea,average
dioscorea villosa extract,average
dipentaerythrityl hexacaprylate/hexacaprate,good
dipeptide-2,best
dipotassium glycyrrhizate,best
dipotassium glycyrrhizinate,best
dipotassium phosphate,good
di-ppg-3 myristyl ether adipate,good
dipropylene glycol,good
disodium cocoamphodiacetate,good
disodium cocoyl glutamate,good
disodium diglyceryl phosphate,good
disodium edta,good
disodium glyceryl phosphate,good
disodium lauraminopropionate,good
disodium lauriminodipropionate tocopheryl phosphates,good
disodium rutinyl disulfate,good
disteardimonium hectorite,good
dmae,average
dmdm hydantoin,average
docosahexaenoic acid,good
dog rose,good
dogwood,good
dromiceius oil,good
dulse,good
dunaliella salina extract,best
durian,good
durvillaea antarctica extract,good
ecamsule,best
echium plantagineum seed oil,best
eclipta prostrata extract,best
ectoin,best
edta,good
egg yolk,best
eicosapentaenoic acid,best
elaeis guineensis,best
elderberry,best
elecampane,poor
ellagic acid,best
emblica officinalis (gooseberry) fruit extract,best
emollient,good
emulsifier,good
emu oil,good
english ivy extract,poor
enteromorpha compressa extract,good
environmental damage,poor
enzymes,good
epigallocatechin gallate,best
epilobium angustifolium extract,best
epilobium fleischeri (willowherb) extract,best
equisetum arvense,poor
ergocalciferol,good
ergothioneine,best
eriobotrya japonica,best
erythrulose,good
esculin,poor
essential oil,poor
ester,good
ester-c,best
ethanol,poor
ethoxydiglycol,good
ethyl alcohol,poor
ethyl hexanediol,average
ethylhexylglycerin,good
ethylhexyl methoxycinnamate,best
ethylhexyl olivate,best
ethylhexyl palmitate,good
ethylhexyl stearate,good
ethyl macadamiate,good
ethylparaben,good
ethyl vanillin,good
eucalyptus extract,poor
eucalyptus oil,poor
eugenia aromatica,poor
eugenia caryophyllus,poor
eugenol,poor
euphorbia cerifera wax,good
euphrasia officinalis,average
euterpe oleracea (acai) sterols,best
euterpe oleracea fruit extract,best
evening primrose oil,best
evodia rutaecarpa extract,good
ext. d&c,good
eyebright,average
faex,good
farnesol,average
farnesyl acetate,average
fatty acid,best
fatty alcohol,good
fd&c,good
fd&c colors,good
fennel oil,poor
fennel seed extract,poor
ferric ammonium ferrocyanide,good
ferric ferrocyanide,good
ferula galbaniflua,poor
ferulic acid,best
feverfew extract,good
fibronectin,good
ficus carica (fig) fruit extract,best
fig,best
filipendula glaberrima,best
filipendula rubra,best
film-forming agent,good
fireweed extract,best
fir needle oil,poor
fish cartilage extract,average
flavonoid,best
flavor,average
flax,best
flaxseed oil,best
floralozone,poor
foeniculum vulgare extract,poor
folic acid,good
formaldehyde-releasing preservative,average
fragaria vesca (strawberry) fruit extract,best
fragrance,poor
frankincense extract,poor
fructose,good
fruit acid,average
fucus vesiculosus extract,best
fu ling,best
fuller's earth,good
galactoarabinan,good
galbanum,poor
gamma linolenic acid (gla),best
ganoderma lucidum (mushroom) extract,best
garcinia mangostana (mangosteen) peel extract,best
gardenia florida extract,poor
gelatin,good
gellan gum,good
gellidiela acerosa extract,good
genistein,best
gentiana lutea (gentian) root extract,best
geraniol,average
geranium extract,best
geranium oil,poor
geranium pretense,poor
germaben ii,good
ginger extract,good
ginger oil,poor
ginkgo biloba leaf extract,best
ginseng,best
gla,best
glabridin,best
glucomannan,best
gluconolactone,best
glucosamine hcl,best
glucose,good
glucose oxidase,good
glucosylceramides,best
glucosyl hesperidin,best
glutamic acid,good
glutamine,best
glutathione,best
gluten ingredients,good
glycereth-26,good
glycereth-26 phosphate,good
glycereth-6 laurate,good
glycerin,best
glycerine,best
glycerol,best
glycerol monostearate,good
glycerol triacetate,good
glycerol trioleate,good
glyceryl ascorbate,best
glyceryl behanate,good
glyceryl behenate,best
glyceryl behenate/eicosadioate,good
glyceryl cocoate,good
glyceryl dibehanate,good
glyceryl dipalmitate,good
glyceryl distearate,good
glyceryl ester,good
glyceryl isopalmitate,good
glyceryl isostearate,good
glyceryl myristate,good
glyceryl oleate,good
glyceryl palmitate,good
glyceryl polymethacrylate,good
glyceryl rosinate,good
glyceryl stearate,good
glyceryl stearate citrate,good
glyceryl stearate se,good
glycine,good
glycine soja oil,best
glycine soja seed extract,best
glycine soja sterols,best
glycogen,good
glycolic acid,best
glycolipid,best
glycol stearate,good
glycoproteins,best
glycosaminoglycans,best
glycosphingolipid,best
glycyrrhetic acid,best
glycyrrhetinic acid,best
glycyrrhiza glabra,best
glycyrrhiza uralensis root extract,best
goji fruit extract,best
gold,poor
gossypium herbacuem seed oil,good
gotu kola,best
grapefruit oil,poor
grapefruit peel extract,poor
grapefruit seed extract,poor
grape seed extract,best
grape seed oil,best
green tea,best
gromwell,best
guarana,poor
guar gum,good
guar hydroxypropyltrimonium chloride,good
guava,best
gums,good
haematococcus pluvialis extract,best
hamamelis virginiana,poor
hamamelitannin,poor
haslea ostrearia extract,good
hayflower extract,poor
hazelnut oil,good
hectorite,good
hedera helix,poor
hedione,poor
helianthus annuus (sunflower) seed oil,best
helianthus oil,best
hemp seed oil,best
hesperidin,best
hesperidin methyl chalcone,good
hexanoyl dipeptide-3 norleucine acetate,best
hexyl cinnamal,poor
hexyldecanol,good
hexylene glycol,good
hexyl laurate,good
hexylresorcinol,average
hibiscus,good
himanthalia elongate extract,good
hippophae rhamnoides,best
hippophae rhamnoides (seaberry) fruit extract,best
histidine,good
hoelen,best
homosalate,best
honey,best
honey extract,best
honeysuckle flower extract,best
hops,average
hordeum vulgare extract,average
horse chestnut extract,good
horse elder,poor
horseradish,poor
horsetail extract,average
hortonia floribunda leaf extract,average
huang qi,good
humulus lupulus extract,average
hyaluronic acid,best
hydnocarpus anthelmintica,poor
hydrastis canadenis,poor
hydrocotyl extract,best
hydrogenated coco-glyceride,good
hydrogenated didecene,good
hydrogenated lecithin,best
hydrogenated olive oil,best
hydrogenated palm glycerides,good
hydrogenated polydecene,good
hydrogenated polyisobutene,good
hydrogenated soybean oil,best
hydrogenated starch hydrolysate,good
hydrogenated vegetable glycerides citrate,good
hydrogen peroxide,poor
hydrolyzed acacia macrostachya seed extract,good
hydrolyzed algae extract,best
hydrolyzed corn starch,good
hydrolyzed eruca sativa (arugula) leaf,best
hydrolyzed glycosaminoglycans,best
hydrolyzed jojoba esters,best
hydrolyzed jojoba protein,good
hydrolyzed pumpkin seedcake,best
hydrolyzed rhodophycea (red algae) extract,best
hydrolyzed silk,good
hydrolyzed soy protein,best
hydrolyzed vegetable protein,good
hydrolyzed wheat protein,good
hydroquinone,best
hydroxyacetophenone,good
hydroxyethyl acrylate/sodium acryloyl dimethyl taurate copolymer,good
hydroxyethylcellulose,good
hydroxyethylpiperazine ethane sulfonic acid,poor
hydroxyethyl urea,good
hydroxylated lecithin,best
hydroxypropyl cyclodextrin,good
hydroxypropyl guar,good
hydroxypropyl starch phosphate,good
hypericum extract,good
hyssop,best
idebenone,best
ilex paraguariensis,best
illicium vernum,poor
illite,good
imidazolidinyl urea,average
inactive ingredient,good
inositol,best
inula helenium,poor
iodopropynyl butylcarbamate,good
iris florentina extract,poor
irish moss extract,good
iron oxides,good
iron powder,average
isoamyl cocoate,good
isoamyl laurate,good
isobutyl acetate,good
isobutylparaben,good
isocetyl salicylate,average
isododecane,good
isoflavone,best
isohexadecane,good
isoleucine,good
isononyl isononanoate,good
isoparaffin,good
isopropyl alcohol,poor
isopropyl isostearate,good
isopropyl lanolate,good
isopropyl myristate,good
isopropyl palmitate,good
isopropyl titanium triisostearate,good
isopropyl titanium triisostearte/triethoxycaprylylsilane crosspolymer,good
isostearamide dea,good
isostearic acid,good
ivy extract,poor
japan wax,good
jasmine oil,poor
jasminium grandiflorum,poor
jojoba butter,best
jojoba esters,best
jojoba oil,best
jojoba wax,best
jonquil extract,poor
ju hua,good
jujube fruit extract,good
juniper berry,poor
juniperus communis,poor
kaolin,good
kathon cg,poor
kava-kava extract,poor
kawa extract,poor
kelp extract,good
kigelia africana extract,average
kiwi fruit extract,best
kojic acid,good
kojic dipalmitate,good
kola nut,average
kudzu root,best
kukui nut oil,best
lactic acid,best
lactobacillus/rye flour ferment,best
lactobacillus ferment,best
lactobionate,good
lactobionic acid,best
lactoperoxidase,best
lady's mantle extract,poor
lady's thistle (milk thistle) extract,best
lagerstroemia indica extract,average
laminaria digitata,good
laminaria longicruris,good
laminaria ochroleuca extract,good
laminaria sacharrina,good
lamium album flower extract,best
lanolin,good
lanolin alcohol,good
lappa extract,good
larrea divaricata extract,good
larrea tridentata,good
l-ascorbic acid,best
lauramphocarboxyglycinate,good
laurdimonium hydroxypropyl hydrolyzed soy protein,good
laurdimonium hydroxypropyl hydrolyzed wheat protein,good
laureth-23,good
laureth-4,good
laureth-7,good
laureths,good
lauric acid,best
lauroyl lysine,good
laurus nobilis,poor
lauryl alcohol,good
lauryl glucoside,good
lauryl lactate,good
lauryl laurate,best
lauryl peg-9 polydimethylsiloxyethyl dimethicone,good
lavandin oil,poor
lavandula angustifolia,poor
lavandula officinalis,poor
lavender extract and oil,poor
l-cysteine,good
lecithin,best
lemon,poor
lemon balm,poor
lemongrass extract,poor
lemongrass oil,poor
lemon juice,poor
lemon oil,poor
lentil fruit extract,good
lentinus edodes extract,average
leontopodium alpinum (edelweiss) extract,best
leptospermum scoparium oil,good
leucine,good
leuconostoc/radish root ferment filtrate,good
levisticum officinale root extract,poor
licorice extract,best
licorice root,best
lilium candidum bulb extract,average
lime oil and extract,poor
limnanthes alba,good
limnanthes alba (meadowfoam) seed oil,best
limnanthes alba seed oil,good
limonene,poor
linalool,poor
linden flower extract,best
linoleic acid,best
linolenic acid,best
linum usitatissimum (linseed) seed oil,best
linum usitatissimum extract,best
lipid,best
liposomes,good
lithium magnesium sodium silicate,good
lithospermum erythrorhizon,best
litsea cubeba,poor
locust bean,good
lonicera caprifolium flower extract,best
lonicera japonica ,best
lonicera japonica flower extract,best
loquat extract,best
lotus seed extract,best
lovage root extract,poor
lupine,best
lupine oil,best
lupinus albus (white lupine) seed oil,best
lupinus albus extract,best
lutein,best
lycium barbarum fruit extract,best
lycopene,best
lye,poor
lysine,good
lysine hci,best
macadamia nut oil,good
madecassoside,best
magnesium,good
magnesium aluminum silicate,good
magnesium ascorbyl palmitate,good
magnesium ascorbyl phosphate,best
magnesium aspartate,good
magnesium carbonate,good
magnesium hydroxide,good
magnesium laureth sulfate,good
magnesium oleth sulfate,good
magnesium palmitoyl glutamate,good
magnesium pca,best
magnesium stearate,good
magnesium sulfate,good
mahonia aquifolium root extract,good
malic acid,best
mallow,best
malpighia emarginata (acerola) fruit extract,best
maltodextrin,good
maltooligosyl glucoside,good
malvaceae extract,average
malva sylvestris extract,good
mandarin orange oil or extract,poor
mandelic acid,good
manganese gluconate,average
manganese violet,good
mangifera indica (mango) seed butter,best
mangifera indica root,good
mannitol,good
manuka oil,good
marigold,good
marionberry,good
marjoram,poor
marshmallow,best
mastocarpus stellatus,good
mate extract,best
matricaria oil,best
mea,average
meadowsweet extract,best
medicago sativa,best
melaleuca alternifolia,good
melaleuca cajeputi oil,poor
melia azadirachta (chinaberry) flower extract,best
melia azadirachta (chinaberry) leaf extract,best
melia azadirachta oil,poor
melibiose,good
melissa officinalis,poor
mentha arvensis,poor
mentha piperita,poor
mentha spicata,poor
mentha viridis,poor
menthol,poor
menthone,poor
menthoxypropanediol,poor
menthyl anthranilate,best
menthyl lactate,poor
meradmiate,best
methanol,poor
methicone,good
methionine,good
methylchloroisothiazolinone,poor
methyldibromo glutaronitrile,poor
methyldihydrojasmonate,poor
methyl gluceth-20,good
methyl gluceth-20 benzoate,good
methyl glucose sesquistearate,good
methylglucoside phosphate,good
methylisothiazolinone,poor
methylparaben,good
methylpropanediol,good
methylsilanol mannuronate,good
methylsilanol peg-7 glyceryl cocoate,good
methylsufonylsulfate,good
methyl trimethicone,good
mexoryl sx,best
mica,good
microcrystalline wax,good
microcystis aeruginosa,good
milk protein,good
milk vetch root,good
millet seed extract,average
mimosa oil or extract,poor
mineral oil,good
mint,poor
mixed fruit extracts,good
montan wax,good
montmorillonite,good
morinda citrifolia,good
moringa oleifera seed oil,best
morus alba (white mulberry) root extract,best
morus bombycis root extract,good
morus nigra root extract,good
mucopolysaccharide,best
mucor miehei extract,average
mugwort extract,average
mulberry extract,best
murumuru seed butter,good
myrciaria dubia (camu camu) fruit extract,best
myristamidopropyl pg-dimonium chloride phosphate,good
myristic acid,good
myristoyl hexapeptide-16,best
myristoyl pentapeptide-17,best
myristoyl tripeptide-31,best
myristyl alcohol,good
myristyl myristate,good
myristyl nicotinate,best
myrrh,poor
myrtle extract,poor
myrtus communis extract,poor
n6-furfuryladenine,average
n-acetyl-l tyrosine,average
napca,good
narcissus poeticus wax,poor
nardostachys jatamansi,good
nasturtium officinale extract,average
natto gum,good
natural moisturizing factor (nmf),best
neem extract,best
neem oil,poor
neopentyl glycol dicaprylate/dicaprate,good
neopentyl glycol diheptanoate,good
neroli,poor
neroli oil,poor
nettle extract,average
n-hydroxysuccinimide,best
niacin,best
niacinamide,best
nicotinamide,best
nicotinic acid,best
noni juice,good
nonoxynols,good
nylon-12,good
nymphaea tetragona,best
oak root extract,poor
oat beta-glucan,best
oat bran extract,best
oat kernel extract,best
oatmeal,best
octinoxate,best
octisalate,best
octocrylene,best
octyldodecanol,good
octyldodecyl myristate,good
octyldodecyl neopentanoate,good
octyl methoxycinnamate,best
octyl palmitate,good
octyl salicylate,best
octyl stearate,good
o-cymen-5-ol,good
oenothera biennis oil,best
olea europaea fruit oil,good
olea europaea oil unsaponifiables,best
oleanolic acid,best
oleic acid,best
oleth-10,good
oleths,good
oleyl erucate,good
olibanum extract,poor
olive oil/olive fruit oil,good
optunia ficus-indica stem extract,best
orange blossom,poor
orbignya martiana,good
orbignya oleifera seed oil,best
orchid,poor
oregano,poor
origanum majorana,poor
origanum vulgare flower extract,poor
orris root,poor
oryzanol,best
oryza sativa (rice) bran extract,best
oryza sativa cera,best
oryza sativa oil,good
oxidoreductase,best
oxybenzone,best
ozokerite,good
p. elisabethae,good
paba,poor
padimate o,average
padina pavonica extract,good
paeonia albiflora extract,average
paeonia suffruticosa extract,average
palmaria palmata extract,good
palmarosa oil,poor
palmitic acid,good
palmitoyl dipeptide-10,best
palmitoyl hexapeptide-12,best
palmitoyl oligopeptide,best
palmitoyl pentapeptide-4,best
palmitoyl proline,best
palmitoyl tetrapeptide-7,best
palmitoyl tripeptide-1,best
palmitoyl tripeptide-38,best
palmitoyl tripeptide-5,best
palmitoyl tripeptide-8,best
palm kernel acid,good
palm oil,best
panax ginseng root extract,best
panicum miliaceum,average
pansy extract,average
pantethine,good
panthenol,best
pantothenic acid,best
papain,poor
papaya extract,average
para-aminobenzoic acid (paba),poor
parabens,good
paraffin,good
paraffinum liquidum,good
parsol 1789,best
passiflora edulis extract,good
passiflora edulis seed oil,best
passion fruit extract,good
patchouli,poor
pawpaw extract,average
pca,good
peanut oil,good
pecan oil,good
pectin,good
peg,good
peg/ppg-17/6 copolymer,good
peg/ppg-18/18 dimethicone,good
peg/ppg-18/4 copolymer,good
peg/ppg-20/15 dimethicone,good
peg-100 stearate,good
peg-10 dimethicone,good
peg-10 dimethicone/vinyl dimethicone crosspolymer,good
peg-10 phytosterol,good
peg-10 rapeseed sterol,good
peg-120 methyl glucose dioleate,good
peg-12 dimethicone,good
peg-14,good
peg-150 distearate,good
peg-20 methyl glucose sesquistearate,good
peg-32,good
peg-33,good
peg-40 hydrogenated castor oil,good
peg-40 stearate,good
peg-60 almond glycerides,good
peg-60 hydrogenated castor oil,good
peg-75 shea butter glycerides,good
peg-75 stearate,good
peg-7 glyceryl cocoate,good
peg-8,good
peg-80 sorbitan laurate,good
peg-8 dimethicone,good
peg 90m,good
pelargonium graveolens oil,poor
pellitory,poor
pelvetia canaliculata (algae) extract,best
pentadecalactone,poor
pentaerythrityl tetraisostearate,good
pentaerythrityl tetraoctanoate,good
pentapeptide-59,best
pentapeptides,best
pentasodium pentetate,good
pentylene glycol,good
peppermint,poor
peptides,best
perilla ocymoides,average
persea gratissima (avocado) oil,best
persicaria hydropiper,best
petitgrain mandarin,poor
petrolatum,good
peucedanum graveolens (dill) extract,best
pha,best
phenoxyethanol,good
phenoxyisopropanol,good
phenylalanine,good
phenylethyl resorcinol,average
phenyl trimethicone,good
phloretin,best
phosphatidylcholine,best
phosphatidylethanolamine,best
phospholipid,best
phosphoric acid,good
photosensitizer,poor
phthalates,average
phyllanthus emblica fruit extract,best
physalis angulata extract,best
phytantriol,good
phytic acid,good
phytoceramides,best
phytonadione,good
phytosphingosine,best
phytosphingosine phosphate,best
phytosterols,best
phytosteryl/octyldodecyl lauroyl glutamate,best
picea abies extract,best
pineapple extract,good
pinecone extract,good
pine oil,poor
pinus lambertiana wood extract,poor
pinus sylvestris extract,good
piper nigrum,poor
pistachio seed oil,good
pistacia vera seed oil,good
pisum sativum (pea) extract,best
plankton extract,good
plasticizing agents,average
plinia cauliflora (jabuticaba) fruit extract,best
plum extract,good
plum seed oil,best
pogostemon cablin,poor
poloxamer 184,good
poloxamer 407,good
poloxamers,good
polyacrylamide,good
polyacrylate-17,good
polyacrylate crosspolymer,good
polyacrylate crosspolymer-6,good
polyaminopropyl biguanide,good
polybutene,good
polyethylene,good
polyethylene glycol,good
polyglucuronic acid,good
polyglycerol monostearate,good
polyglyceryl-10 caprylate/caprate,good
polyglyceryl-10 dioleate,good
polyglyceryl-10 laurate,good
polyglyceryl-10 stearate,good
polyglyceryl 2 triisostearate,good
polyglyceryl-3 beeswax,good
polyglyceryl-3 methylglucose distearate,good
polyglyceryl-3 rice branate,best
polyglyceryl-3 stearate,good
polyglyceryl-4 isostearate,good
polyglyceryl-4 laurate,good
polyglyceryl-4 olivate,best
polyglyceryl-6 isostearate,good
polyglyceryl methacrylate,good
polygonum cuspidatum root extract,best
polyhydroxy acid,best
polyhydroxystearic acid,good
polyisobutene,good
polymer,good
polymethylsilsesquioxane,good
polypropylene glycol,good
polyquaternium-10,good
polyquaterniums,good
polysaccharide,best
polysilicone-11,good
polysorbate 20,good
polysorbate 60,good
polysorbate 80,good
polysorbates,good
polyvinyl alcohol,average
polyvinylpyrrolidone,good
pomegranate extract,best
pongamia glabra seed oil,best
poria cocos extract,best
porphyridium cruentum extract,average
portulaca oleracea extract,best
potassium,good
potassium ascorbyl tocopheryl phosphate,best
potassium azeloyl diglycinate,best
potassium cetyl phosphate,good
potassium citrate,good
potassium hydroxide,average
potassium myristate,average
potassium pca,best
potassium phosphate,good
potassium sorbate,good
ppg-12/smdi copolymer,good
ppg-12 buteth-16,good
ppg-14 butyl ether,good
ppg-20 methyl glucose ether,good
ppg-26-buteth-26,good
ppg-2-deceth-30,good
ppg-2 myristyl ether propionate,good
ppg-3 benzyl ether myristate,good
preservatives,good
proline,good
propanediol,good
propolis,good
propylene carbonate,good
propylene glycol,good
propylene glycol dibenzoate,good
propylene glycol dicaprylate/dicaprate,good
propylene glycol isostearate,good
propylene glycol laurate,good
propylene glycol stearate,good
propyl gallate,best
propylparaben,good
prunella vulgaris,average
prunus americana,good
prunus amygdalus dulcis,good
prunus armeniaca,good
prunus domestica seed extract,good
prunus domestica seed oil,best
prunus dulcis,good
prunus serotina (wild cherry) fruit extract,best
pseudopterogorgia elisabethae,best
psidium guajava fruit extract,best
pueraria lobata,best
pullulan,good
pumpkin,best
pumpkin seed extract,best
punica granatum extract,best
purified water,good
purslane,best
pvm/ma decadiene crosspolymer,good
pvp,good
pvp/dimethylaminoethylmethacrylate,good
pvp copolymer,good
pycnogenol,best
pyridoxine hydrochloride (hcl),good
pyrus cydonia,poor
pyrus malus (apple) fruit extract,best
quaternium-15,average
quaternium-18 hectorite,good
quaternium ammonium compounds,good
quercetin,best
quercus,poor
quercus infectoria extract,poor
quillaja extract,good
quince seed,poor
quinoa oil,good
rapeseed oil,best
raphanus sativus (radish) seed oil,best
raspberry seed extract,good
raspberry seed oil,good
red 27 lake,good
red 28,good
red 33,good
red 6 lake,good
red 7 lake,good
red algae,best
red clover,good
reducing agent,good
resveratrol,best
retinol,best
retinyl ascorbate,best
retinyl palmitate,best
retinyl retinoate,best
rhodiola rosea root extract,best
riboflavin,average
rice bran oil,good
rice oil,good
rice starch,good
ricinoleate,good
ricinus communis,good
robinia pseudacacia extract,poor
rosa canina,good
rosa centifolia,good
rosa centifolia flower,good
rosa damascena oil,poor
rosa eglanteria,good
rosa gallica flower extract,poor
rosa mosqueta,good
rosa roxburghii extract,best
rosa rubiginosa,good
rose flower,poor
rose flower oil,poor
rose hip,good
rose hip oil,good
rosemary extract,good
rosemary oil,poor
rose oil,poor
rosewood oil,poor
rosmarinus officinalis extract,good
royal jelly,average
rubus chamaemorus (cloudberry) fruit extract,best
rubus idaeus,best
rubus idaeus (raspberry) fruit extract,best
rubus occidentalis,best
rubus ursinus,good
rubus ursinus x idaeus,best
rubus villoscus,best
ruscus aculeatus,average
rutin,best
saccharide isomerate,good
saccharides,best
saccharomyces calcium ferment,average
saccharomyces cerevisiae,average
saccharomyces copper ferment,average
saccharomyces iron ferment,average
saccharomyces lysate,best
saccharomyces magnesium ferment,average
saccharomyces manganese ferment,average
saccharomyces officinarum ferment,average
saccharomyces potassium ferment,average
saccharomyces selenium ferment,good
saccharomyces silicon ferment,average
saccharomyces zinc ferment,average
safflower seed oil,best
sage extract,average
salicin,good
salicylic acid,best
salix alba extract,good
salix nigra (willow) bark extract,good
salvia hispanica (chia) seed oil,best
salvia officinalis,poor
sambucus canadensis,good
sambucus cerulea,good
sambucus nigra,best
sambucus nigra (elderberry) fruit extract,best
sandalwood oil,poor
santalum album seed extract,average
sapindus mukurossi peel extract,good
saponaria officinalis extract,good
saponin,good
sarcosine,good
sargassum filipendula extract,good
sausurrea oil,poor
saxifraga sarmentosa extract,average
schisandra chinensis (magnolia) fruit extract,best
sclareolide,poor
sclerocarya birrea,best
sclerotium gum,good
scutellaria baicalensis root extract,good
sd alcohol,poor
sd alcohol 40-2,poor
sea buckthorn,best
seamollient,good
sea salt,average
seaweed,good
sea whip extract,best
sebacic acid,good
selenium,best
serenoa serrulata extract,average
sericin,good
serine,good
sesamum indicum,best
sesamum indicum (sesame) seed oil,best
sesquioleate,good
shea butter,best
siegesbeckia orientalis,average
silanetriol,good
silica,good
silica dimethyl silylate,good
silica silylate,good
silicate,good
silicone,good
silk,good
silk powder,good
silk protein,good
siloxane,good
silt,good
silver,poor
silver chloride,average
silver tip white tea leaf extract,best
silybum marianum (milk thistle) fruit extract,best
silybum marianum extract,best
simethicone,good
simmondsia chinensis,best
skin-replenishing ingredients,best
skin-restoring ingredients,best
skullcap extract,good
slip agent,good
slippery elm bark,good
soap,poor
soapberry extract,good
soapwort,good
sodium acetate,good
sodium acrylate/acryloydimethyl taurate copolymer,good
sodium acrylates copolymer,good
sodium ascorbate,best
sodium ascorbyl phosphate,best
sodium benzoate,good
sodium bicarbonate,good
sodium bisulfite,average
sodium borate,poor
sodium c14-16 olefin sulfonate,poor
sodium carbomer,good
sodium carbonate,poor
sodium carboxymethyl beta-glucan,good
sodium cetearyl sulfate,good
sodium chloride,good
sodium chondroitin sulfate,best
sodium citrate,good
sodium cocoamphoacetate,good
sodium cocoate,poor
sodium cocoyl amino acids,good
sodium cocoyl glutamate,good
sodium cocoyl glycinate,good
sodium cocoyl isethionate,good
sodium dehydroacetate,good
sodium dilauramidoglutamide lysine,good
sodium gluconate,good
sodium hexametaphosphate,good
sodium hyaluronate,best
sodium hyaluronate crosspolymer,best
sodium hydroxide,average
sodium hydroxymethylglycinate,good
sodium lactate,good
sodium lactobionate,average
sodium laureth-13 carboxylate,good
sodium laureth sulfate,good
sodium lauroamphoacetate,good
sodium lauroyl lactylate,good
sodium lauroyl oat amino acids,best
sodium lauroyl sarcosinate,good
sodium lauryl glucose carboxylate,good
sodium lauryl sulfate,poor
sodium levulinate,good
sodium metabisulfite,average
sodium methyl cocoyl taurate,good
sodium methyl taurate,good
sodium myreth sulfate,good
sodium palmate,poor
sodium palmitoyl sarcosinate,good
sodium palm kernelate,poor
sodium pca,best
sodium peg-7 olive oil carboxylate,good
sodium phytate,good
sodium polyacrylate,good
sodium polyacrylate starch,good
sodium salicylate,average
sodium silicate,poor
sodium stearoyl glutamate,good
sodium stearoyl lactylate,good
sodium sulfite,average
sodium tallowate,poor
sodium thioglycolate,poor
sodium trideceth sulfate,good
solanum lycopersicum extract,average
solanum tuberosum extract,good
solvent,good
sonojell,good
soothing agent,best
sorbeth-230 tetraoleate,good
sorbic acid,good
sorbitan laurate,good
sorbitan oleate,good
sorbitan olivate,good
sorbitan sesquioleate,good
sorbitan stearate,good
sorbitol,best
soy extract,best
soy isoflavones,best
soy oil,best
spearmint oil,poor
spf,best
sphingolipids,best
spiraea ulmaria (meadowsweet) extract,best
spirulina,good
squalane,best
squalene,best
st. john's wort,good
star anise,poor
steapyrium chloride,good
stearalkonium chloride,good
stearalkonium hectorite,good
stearates,good
steareth-20,good
stearic acid,good
stearyl alcohol,good
stearyl dimethicone,good
stearyl glycyrrhetinate,best
stearyl methicone,good
stearyl stearate,good
styrax benzoin,poor
styrene/acrylates copolymer,good
sucrose,good
sucrose stearate,good
sugarcane extract,average
sulfates,good
sulfur,poor
sunflower seed oil,best
sun protection factor,best
superoxide dismutase,best
surfactant,good
sweet almond,good
sweet almond oil,good
symphytum officinale extract,poor
synthetic beeswax,good
synthetic fluorophlogopite,good
synthetic wax,good
szechuan peppercorn,poor
talc,good
tallow,poor
tamanu oil,good
tanacetum parthenium,average
tangerine oil,poor
tannic acid,best
tapioca starch,good
tartaric acid,best
tea,good
tea-lauryl sulfate,poor
tea tree oil,good
terephthalylidene dicamphor sulfonic acid,best
terminalia chebula fruit extract,best
tetradibutyl pentaerithrityl hydroxyhydrocinnamate,good
tetrahexyldecyl ascorbate,best
tetrahydrobisdemethoxycurcumin,best
tetrahydrobisdemethoxydiferuloylmethane,best
tetrahydrodemethoxycurcumin,best
tetrahydrodemethoxydiferuloylmethane,best
tetrahydrodiferuloylmethane,best
tetrahydromethoxycurcumin,best
tetrahydroxypropyl ethylenediamine,good
tetrapeptide-30,best
tetrasodium edta,good
tetrasodium etidronate,good
tetrasodium glutamate diacetate,good
theobroma cacao seed butter,best
thiamine hcl,good
thickening agent,good
thioctic acid,best
thiodipropionic acid,average
thiotaurine,good
threonine,good
thyme extract,average
thyme oil,poor
thymus hydrolysate,average
thymus serpillum extract,poor
thymus vulgaris,average
thymus vulgaris oil,poor
tilia cordata,best
titanium dioxide,best
tocopherol,best
tocopherol acetate,best
tocopheryl acetate,best
tocopheryl lineolate,best
tocotrienols,best
tomato extract,average
tormentil extract,poor
tragacanth,good
tranexamic acid,best
trehalose,good
tremella fuciformis sporocarp extract,best
tribehenin,good
tribehenin peg-20 esters,good
tricaprylin,good
trideceth-12,good
trideceth-6,good
tridecyl salicylate,good
tridecyl stearate,good
tridecyl trimellitate,good
triethanolamine,good
triethoxycaprylylsilane,good
triethoxycaprylylsilane crosspolymer,good
triethoxysilylethyl polydimethylsiloxyethyl hexyl dimethicone,good
triethylhexanoin,good
trifolium pratense,good
triglyceride,good
trigonella foenum-graecum seed extract,average
trihydroxystearin,good
triisocetyl citrate,good
trilaurin,good
trimethylsiloxyamodimethicone,best
trimethylsiloxysilicate,good
trioclanolin,good
trioctanoin,good
trioctyldodecyl citrate,good
tripeptide-1,best
tripeptide-29,best
tripeptide-32,good
tripleurospermum maritimum extract,good
trisodium edta,good
triticum vulgare (wheat) germ extract,good
triticum vulgare oil,good
troxerutin,best
tryptophan,good
turmeric,best
ubiquinone,best
ulmus fulva bark extract,good
ultramarines,good
ulva lactuca extract,good
uncaria tomentosa extract,average
undaria pinnatifida (algae) extract,best
urea,good
urtica dioica,average
uva,poor
uva ursi extract,best
uvb,poor
va/crotonates copolymer,good
vaccinium macrocarpon fruit extract,best
vaccinium myrtillus (bilberry) fruit extract,best
vaccinium vitis-idaea (lingonberry) fruit extract,best
vaccinum angustifolium (blueberry) fruit extract,best
valine,good
vanilla planifolia fruit extract,good
verbena extract,poor
vetiver oil or extract,poor
vinyl dimethicone/methicone silsesquioxane crosspolymer,good
viola tricolor extract,average
vitamin a,best
vitamin b1,good
vitamin b12,good
vitamin b2,average
vitamin b3,best
vitamin b5,good
vitamin b6,average
vitamin c,best
vitamin d,good
vitamin e,best
vitamin f,best
vitamin h,good
vitamin k,good
vitis vinifera,best
volatile oil,poor
vp/eicosene copolymer,good
vp/hexadecene copolymer,good
walnut extract,average
walnut oil,good
walnut shell powder,average
water,good
watercress extract,average
watermelon fruit extract,best
wheat amino acids,good
wheat germ glycerides,good
wheat germ oil,good
wheat protein,good
whey protein,good
white nettle,average
white oak bark extract,poor
white tea leaf extract,best
white willow,good
wild ginger,poor
willow bark,good
willow herb,best
wintergreen oil,poor
witch hazel,poor
xanthan gum,good
xanthophyll,best
ximenia americana oil,good
xi xin,poor
xylitol,best
xylitylglucoside,good
xylose,good
xymenynic acid,good
yarrow extract,poor
yeast,good
yeast extract,good
yellow 5,good
yellow 5 lake,good
yellow 6 lake,good
yerba mate extract,best
ylang ylang,poor
yogurt,average
yucca extract,average
yucca schidigera,average
zanthoxylum piperitum,poor
zinc,best
zinc carbonate,poor
zinc gluconate,good
zinc oxide,best
zinc pca,best
zinc stearate,good
zinc sulfate,poor
zingiberaceae,poor
zingiber officinale roscoe,poor
zingiber zerumbet,poor
zizyphus jujuba fruit extract,good
